<?xml version="1.0" encoding="UTF-8" standalone="no"?>
<XML>
<!--

Database Entries must be nested inside an <entry> tag and include these values:
Title :  The name of the schema as it should appear in the DB-SVG menu
Url : The standard JDBC url
Driver : The name of the JDBC driver to use.  This driver may be packaged with DB-SVG or included in your Tomcat installation.
Username : the DB username
Password : the DB user's password
Pages(optional) : How many pages the diagram should be split into. (must be a positive integer)

EXAMPLE:
  <entry><title>My First Database</title><url>jdbc:mysql://localhost:3306/mydb</url>
    <driver>com.mysql.jdbc.Driver</driver><username>test</username><password>password</password><pages>2</pages>
  </entry>
  
-->
  <entry><title>My First Database</title><url>jdbc:mysql://localhost:3306/mydb</url>
    <driver>com.mysql.jdbc.Driver</driver><username>test</username><password>password</password><pages>2</pages>
  </entry>
</XML>
